CODIGO,DESCRICAO DO INSUMO,UNIDADE,ORIGEM DO PRECO,PRECO MEDIANO R$
11157,WASH PRIMER,GL ,CR,"145,97"
4487,VIGOTA MADEIRA,M ,CR,"15,58"
41776,VIGIA NOTURNO,H ,CR,"14,65"
41096,VIGIA DIURNO,MES ,CR,"1.873,98"
4481,VIGA MADEIRA,M ,CR,"32,11"
40270,VIGA ESCORAMAENTO,M ,AS,"65,32"
5031,VIDRO TEMPERADO,M2 ,C ,"306,00"
11185,VIDRO PLANO,M2 ,CR,"304,83"
10499,VIDRO MARTELADO,M2 ,CR,"98,33"
21107,VIDRO LISO,M2 ,CR,"169,83"
34388,VIDRO CRISTAL,M2 ,CR,"195,65"
10504,VIDRO COMUM,M2 ,CR,"1.494,66"
41073,VIDRACEIRO MENSALISTA,MES ,CR,"2.027,32"
10489,VIDRACEIRO,H ,CR,"11,56"
25971,VIBROACABADORA ASFALTO,UN ,AS,"3.134.544,27"
13475,VIBRADOR IMERSAO,UN ,AS,"2.983,23"
4031,VEU VIDROVEU,M2 ,CR,"27,63"
4030,VEU POLIESTER,M2 ,CR,"5,88"
10475,VERNIZ SINTETICO,L ,CR,"24,67"
40514,VERNIZ POLIURETANO,L ,C ,"24,84"
39996,VERGALHAO ZINCADO,M ,CR,"2,74"
6138,VEDACAO PVC,UN ,CR,"1,22"
12627,VEDACAO CALHA,UN ,AS,"0,38"
13726,VASSOURA MECANICA,UN ,AS,"36.369,89"
38400,VASSOURA CABO,UN ,CR,"7,82"
11786,VASO SANITARIO,UN ,CR,"252,04"
38090,VARIADOR VELOCIDADE,UN ,CR,"51,84"
38088,VARIADOR LUMINOSIDADE,UN ,CR,"78,68"
10415,VALVULA RETENCAO,UN ,AS,"359,74"
6153,VALVULA PLASTICO,UN ,CR,"2,52"
37588,VALVULA METAL,UN ,CR,"19,43"
11749,VALVULA ESFERA,UN ,CR,"38,49"
21112,VALVULA DESCARGA,UN ,CR,"148,74"
9912,USINA MISTURAS,UN ,AS,"1.650.000,00"
9921,USINA MISTURADORA,UN ,AS,"851.148,04"
36485,USINA LAMA,UN ,AS,"424.438,89"
13892,USINA CONCRETO,UN ,AS,"647.029,46"
26034,USINA ASFALTO,UN ,AS,"5.336.351,95"
20973,UNIAO TIPO,UN ,CR,"104,11"
39293,UNIAO REDUCAO,UN ,AS,"13,04"
9896,UNIAO PVC,UN ,CR,"24,64"
37423,UNIAO POLIPROPILENO,UN ,AS,"10,72"
39298,UNIAO METALICA,UN ,AS,"15,72"
36357,UNIAO FLANGE,UN ,AS,"92,33"
9891,UNIAO FERRO,UN ,AS,"220,14"
36316,UNIAO DUPLA,UN ,AS,"26,54"
37993,UNIAO CPVC,UN ,AS,"33,51"
12426,UNIAO ASSENTO,UN ,AS,"27,28"
41986,TUBO REVESTIMENTO,M ,AS,"1.810,18"
9866,TUBO PVC,M ,CR,"13,97"
36278,TUBO PPR,M ,AS,"7,04"
25875,TUBO POLIETILENO,M ,AS,"2.064,60"
38831,TUBO MULTICAMADA,M ,AS,"27,29"
38787,TUBO MONOCAMADA,M ,AS,"4,48"
39848,TUBO MANGUEIRA,M ,AS,"1,33"
39708,TUBO ESPUMA,M ,AS,"2,36"
38051,TUBO DRENO,M ,AS,"3,12"
1031,TUBO DESCIDA,UN ,CR,"8,37"
12613,TUBO DESCARGA,UN ,CR,"9,83"
21123,TUBO CPVC,M ,C ,"7,30"
41783,TUBO CORRUGADO,M ,AS,"755,80"
12572,TUBO CONCRETO,M ,CR,"285,39"
41932,TUBO COLETOR,M ,AS,"157,09"
12742,TUBO COBRE,M ,AS,"405,57"
7676,TUBO CHAPA,M ,AS,"2.202,77"
39733,TUBO BORRACHA,M ,AS,"99,07"
20980,TUBO ACO,M ,AS,"383,93"
10743,TROLEY MANUAL,UN ,AS,"580,46"
38177,TRINCO FECHO,UN ,CR,"7,35"
11580,TRILHO QUADRADO,M ,CR,"10,83"
11581,TRILHO ALUMINIO,M ,CR,"23,78"
42407,TRELICA NERVURADA,M ,CR,"5,10"
36149,TRAVAQUEDAS ACO,UN ,CR,"137,94"
10598,TRATOR PNEUS,UN ,AS,"95.798,65"
7622,TRATOR ESTEIRAS,UN ,AS,"617.096,00"
40861,TRANSPORTE MENSALISTA,MES ,C ,"116,59"
37371,TRANSPORTE HORISTA,H ,C ,"0,62"
7618,TRANSFORMADOR TRIFASICO,UN ,CR,"80.051,63"
11831,TORNEIRA PLASTICA,UN ,CR,"19,57"
11826,TORNEIRA METALICA,UN ,CR,"16,37"
7603,TORNEIRA METAL,UN ,CR,"13,07"
11777,TORNEIRA ELETRICA,UN ,CR,"140,57"
13417,TORNEIRA CROMADA,UN ,CR,"31,41"
11767,TORNEIRA BOIA,UN ,CR,"68,13"
40820,TOPOGRAFO MENSALISTA,MES ,CR,"5.017,87"
7592,TOPOGRAFO,H ,C ,"28,65"
38076,TOMADAS MODULOS,UN ,CR,"17,46"
38104,TOMADA RJ,UN ,CR,"31,49"
7528,TOMADA PT,UN ,C ,"8,99"
7525,TOMADA INDUSTRIAL,UN ,CR,"44,26"
38084,TOMADA ANTENA,UN ,CR,"15,22"
37401,TOALHEIRO PLASTICO,UN ,CR,"67,16"
11060,TIRANTE FERRO,UN ,CR,"31,03"
39574,TIRANTE ELO,UN ,CR,"3,65"
154,TINTA REVESTIMENTO,L ,CR,"60,43"
7306,TINTA PROTETORA,L ,CR,"28,43"
7287,TINTA OLEO,GL ,CR,"74,12"
7342,TINTA MINERAL,KG ,CR,"1,76"
35692,TINTA LATEX,L ,CR,"50,26"
7311,TINTA ESMALTE,L ,CR,"23,99"
7304,TINTA EPOXI,L ,CR,"55,30"
38131,TINTA BORRACHA,L ,CR,"86,29"
38121,TINTA BASE,L ,CR,"9,65"
7313,TINTA ASFALTICA,L ,CR,"16,02"
7347,TINTA ACRILICA,GL ,CR,"49,09"
11663,TIL TUBO,UN ,AS,"236,91"
7274,TIL LIGACAO,UN ,AS,"28,80"
34400,TIJOLO CERAMICO,UN ,CR,"2,09"
4806,TESTEIRA ANTIDERRAPANTE,M ,CR,"11,91"
7253,TERRA VEGETAL,M3 ,CR,"70,71"
38414,TERMOFUSORA TUBOS,UN ,CR,"1.002,28"
39320,TERMINAL VENTILACAO,UN ,CR,"7,22"
4126,TERMINAL PORCELANA,UN ,AS,"195,00"
1546,TERMINAL METALICO,UN ,CR,"74,99"
1580,TERMINAL COMPRESSAO,UN ,CR,"5,57"
7571,TERMINAL AEREO,UN ,CR,"11,58"
41097,TELHADOR MENSALISTA,MES ,CR,"3.176,14"
12869,TELHADOR,H ,CR,"18,13"
7246,TELHA VIDRO,UN ,CR,"36,42"
7243,TELHA TRAPEZOIDAL,M2 ,AS,"39,40"
43071,TELHA TERMOISOLANTE,M2 ,AS,"148,39"
25007,TELHA ONDULADA,M2 ,AS,"37,71"
40740,TELHA GALVALUME,M2 ,AS,"131,78"
34468,TELHA FIBROCIMENTO,UN ,CR,"197,88"
7184,TELHA FIBRA,M2 ,AS,"28,00"
7227,TELHA ESTRUTURAL,UN ,CR,"260,31"
40741,TELHA CONCRETO,UN ,CR,"1,50"
36789,TELHA CERAMICA,UN ,CR,"1,00"
7175,TELHA BARRO,UN ,CR,"0,73"
37525,TELA PLASTICA,M ,CR,"2,97"
7161,TELA METAL,M2 ,AS,"3,39"
34630,TELA MALHA,UN ,AS,"999,44"
36887,TELA FIBRA,M2 ,CR,"18,29"
7170,TELA FACHADEIRA,M2 ,C ,"2,60"
10937,TELA ARAME,M2 ,AS,"16,89"
25988,TELA ANIAGEM,M2 ,AS,"11,22"
43127,TELA ACO,M2 ,CR,"32,03"
41092,TECNICO SONDAGEM,MES ,CR,"2.867,54"
40944,TECNICO SEGURANCA,MES ,CR,"3.439,33"
41089,TECNICO LABORATORIO,MES ,CR,"3.972,07"
40946,TECNICO EDIFICACOES,MES ,CR,"4.786,60"
38018,TE TRANSICAO,UN ,AS,"7,81"
7142,TE SOLDAVEL,UN ,CR,"7,26"
37448,TE SERVICO,UN ,AS,"327,45"
11656,TE SANITARIO,UN ,CR,"10,10"
38900,TE ROSCA,UN ,AS,"16,93"
6311,TE REDUCAO,UN ,AS,"117,63"
40419,TE RANHURADO,UN ,AS,"29,31"
42709,TE PVC,UN ,AS,"347,89"
39291,TE PLASTICO,UN ,AS,"53,09"
38460,TE NORMAL,UN ,AS,"45,01"
38674,TE MISTURADOR,UN ,AS,"24,61"
38873,TE METALICO,UN ,AS,"12,79"
7105,TE INSPECAO,UN ,CR,"25,32"
3593,TE GRAUS,UN ,AS,"54,59"
6321,TE FERRO,UN ,AS,"266,87"
39896,TE DUPLA,UN ,AS,"51,99"
38013,TE CPVC,UN ,AS,"30,05"
12734,TE COBRE,UN ,AS,"10,47"
11457,TARJETA TIPO,UN ,CR,"24,85"
14583,TARIFA ENTRE,M3 ,CR,"16,46"
41070,TAQUEADOR TAQUEIRO,MES ,CR,"3.041,67"
11690,TANQUE SIMPLES,UN ,CR,"94,96"
10423,TANQUE LOUCA,UN ,CR,"303,03"
36790,TANQUE DUPLO,UN ,CR,"145,89"
14405,TANQUE ASFALTO,UN ,AS,"97.510,03"
37740,TANQUE ACO,UN ,AS,"40.033,44"
2662,TAMPAO TERMINAL,UN ,CR,"12,51"
11065,TAMPAO TELHA,UN ,CR,"15,17"
11299,TAMPAO FOFO,UN ,AS,"530,46"
20964,TAMPAO CORRENTE,UN ,CR,"66,38"
42706,TAMPAO COMPLETO,UN ,AS,"123,48"
38836,TAMPAO CAP,UN ,AS,"5,67"
39351,TAMPA CONDULETE,UN ,CR,"3,03"
41618,TAMPA CONCRETO,UN ,CR,"586,42"
7543,TAMPA CEGA,UN ,CR,"3,94"
38465,TALHADEIRA PUNHO,UN ,CR,"20,01"
10742,TALHA MANUAL,UN ,AS,"1.048,50"
10740,TALHA ELETRICA,UN ,AS,"9.935,66"
36153,TALABARTE SEGURANCA,UN ,CR,"157,02"
6214,TACO MADEIRA,M2 ,AS,"105,92"
6189,TABUA MADEIRA,M ,CR,"13,71"
42436,SURF DUPLO,UN ,AS,"1.503,52"
14149,SUPORTE Y,CENTO ,AS,"161,13"
390,SUPORTE TUBO,UN ,CR,"13,52"
20061,SUPORTE PVC,UN ,AS,"2,76"
12626,SUPORTE METALICO,UN ,AS,"13,28"
37590,SUPORTE MAOFRANCESA,UN ,AS,"10,71"
3396,SUPORTE ISOLADOR,UN ,CR,"6,73"
3384,SUPORTE GUIA,UN ,CR,"3,85"
38099,SUPORTE FIXACAO,UN ,CR,"1,48"
11033,SUPORTE CALHA,UN ,CR,"5,23"
7576,SUPORTE ACO,UN ,AS,"109,74"
21044,SPRINKLER TIPO,UN ,AS,"21,08"
14543,SOQUETE PVC,UN ,CR,"5,16"
12296,SOQUETE PORCELANA,UN ,CR,"3,01"
12295,SOQUETE BAQUELITE,UN ,CR,"2,32"
5318,SOLVENTE DILUENTE,L ,C ,"12,74"
10691,SOLVENTE COLA,L ,CR,"41,73"
20083,SOLUCAO LIMPADORA,UN ,CR,"34,36"
11609,SOLUCAO ASFALTICA,L ,CR,"10,06"
20249,SOLEIRA TABEIRA,M ,CR,"32,11"
10856,SOLEIRA PREMOLDADA,M ,AS,"78,43"
4828,SOLEIRA PEITORIL,M ,CR,"58,64"
20232,SOLEIRA GRANITO,M ,CR,"37,92"
41087,SOLDADOR MENSALISTA,MES ,CR,"2.826,81"
6166,SOLDADOR ELETRICO,H ,CR,"19,62"
6160,SOLDADOR,H ,C ,"16,14"
39914,SOLDA VARETA,KG ,AS,"176,25"
12732,SOLDA ESTANHOCOBRE,UN ,AS,"203,37"
13388,SOLDA BARRA,KG ,CR,"98,54"
7,SODA CAUSTICA,KG ,CR,"11,86"
39965,SISTEMA FORMAS,M2 ,AS,"1.325,85"
20250,SISAL FIBRA,KG ,AS,"12,50"
38061,SINALIZADOR NOTURNO,UN ,CR,"59,40"
42435,SIMULADOR REMO,UN ,AS,"1.436,41"
42434,SIMULADOR CAVALGADA,UN ,AS,"2.880,54"
42433,SIMULADOR CAMINHADA,UN ,AS,"2.665,57"
39961,SILICONE ACETICO,UN ,CR,"18,88"
26026,SILICA ATIVA,KG ,CR,"2,40"
20262,SIFAO PLASTICO,UN ,CR,"9,49"
6150,SIFAO METAL,UN ,CR,"178,13"
25950,SERVICO BOMBEAMENTO,M3 ,CR,"30,47"
6111,SERVENTE OBRAS,H ,C ,"10,26"
40910,SERRALHEIRO MENSALISTA,MES ,CR,"2.478,66"
6110,SERRALHEIRO,H ,CR,"14,15"
40269,SERRA CIRCULAR,UN ,CR,"3.879,95"
39393,SENSOR PRESENCA,UN ,AS,"27,74"
37741,SEMIRREBOQUE TRES,UN ,AS,"125.604,47"
37743,SEMIRREBOQUE DOIS,UN ,AS,"138.133,98"
42700,SELIM PVC,UN ,AS,"45,30"
37955,SELIM COMPACTO,UN ,AS,"59,90"
38123,SELANTE TIPO,KG ,C ,"58,93"
43142,SELANTE MONOCOMPONENTE,L ,CR,"129,83"
142,SELANTE ELASTICO,310ML ,CR,"28,58"
6094,SELANTE BASE,KG ,CR,"17,15"
43143,SELANTE ACRILICO,L ,CR,"22,88"
6090,SELADOR PVA,L ,CR,"10,14"
38396,SELADOR HORIZONTAL,UN ,CR,"331,33"
6085,SELADOR ACRILICO,L ,C ,"5,34"
4734,SEIXO ROLADO,M3 ,CR,"80,98"
40864,SEGURO MENSALISTA,MES ,C ,"13,07"
37373,SEGURO HORISTA,H ,C ,"0,07"
4460,SARRAFO MADEIRA,M ,CR,"8,24"
7581,SAPATILHA ACO,UN ,AS,"2,67"
13110,SAPATA PVC,UN ,AS,"234,69"
6076,SAIBRO ARGAMASSA,M3 ,C ,"55,20"
37526,SACO RAFIA,UN ,AS,"2,77"
11758,SABONETEIRA PLASTICA,UN ,C ,"64,51"
11757,SABONETEIRA PAREDE,UN ,C ,"27,00"
16,SABAO PO,KG ,CR,"7,14"
7237,RUFO TELHA,UN ,CR,"21,76"
40873,RUFO INTERNOEXTERNO,M ,CR,"17,00"
1114,RUFO INTERNO,M ,CR,"21,72"
1113,RUFO EXTERNOINTERNO,M ,CR,"18,24"
1116,RUFO EXTERNO,M ,CR,"13,02"
42437,ROTACAO VERTICAL,UN ,AS,"1.025,98"
42432,ROTACAO DIAGONAL,UN ,AS,"1.349,51"
11577,ROSETA REDONDA,UN ,CR,"8,91"
11578,ROSETA QUADRADA,UN ,CR,"9,34"
36532,ROMPEDOR ELETRICO,UN ,AS,"19.747,00"
38390,ROLO LA,UN ,CR,"20,96"
38393,ROLO ESPUMA,UN ,C ,"9,45"
6069,ROLO COMPACTADOR,UN ,AS,"90.381,22"
20256,ROLDANA PLASTICA,UN ,CR,"0,27"
11575,ROLDANA DUPLA,UN ,CR,"29,08"
38179,ROLDANA CONCOVA,UN ,CR,"26,95"
38401,RODO CHAO,UN ,CR,"5,58"
11573,RODIZIO TRILHO,UN ,CR,"6,15"
20231,RODAPE RODABANCADA,M ,CR,"26,79"
34680,RODAPE PREMOLDADO,M ,AS,"28,52"
39829,RODAPE POLIESTIRENO,M ,AS,"20,42"
4804,RODAPE PLANO,M ,CR,"15,75"
4829,RODAPE MARMORE,M ,CR,"39,28"
6186,RODAPE MADEIRA,M ,AS,"10,13"
4803,RODAPE BORRACHA,M ,CR,"20,52"
10857,RODAPE ARDOSIA,M ,CR,"15,56"
36250,RODAFORRO PVC,M ,CR,"3,53"
10664,ROCADEIRA DESLOCAVEL,UN ,AS,"6.904,53"
10559,ROCADEIRA COSTAL,UN ,AS,"2.540,50"
4505,RIPA MADEIRA,M ,CR,"2,85"
34683,REVESTIMENTO PAREDE,M2 ,AS,"121,21"
34682,REVESTIMENTO ESCADA,M2 ,AS,"92,69"
153,REVESTIMENTO EPOXI,L ,CR,"80,39"
536,REVESTIMENTO CERAMICA,M2 ,C ,"19,75"
36530,RETROESCAVADEIRA SOBRE,UN ,AS,"228.236,85"
10518,RETARDO CORDEL,UN ,AS,"85,79"
36144,RESPIRADOR DESCARTAVEL,UN ,CR,"1,31"
7353,RESINA ACRILICA,L ,CR,"23,67"
5320,REMOVEDOR TINTA,L ,CR,"34,25"
12359,RELE TERMICO,UN ,AS,"106,35"
2510,RELE FOTOELETRICO,UN ,AS,"20,30"
37329,REJUNTE EPOXI,KG ,CR,"68,02"
34357,REJUNTE CIMENTICIO,KG ,CR,"3,22"
11086,REJEITO MINERIO,M3 ,CR,"56,90"
10640,REGUA VIBRATORIA,UN ,AS,"12.617,51"
13897,REGUA VIBRADORA,UN ,AS,"5.825,82"
38379,REGUA ALUMINIO,M ,CR,"32,27"
10904,REGISTRO VALVULA,UN ,C ,"170,00"
11756,REGISTRO REGULADOR,UN ,CR,"27,33"
6021,REGISTRO PRESSAO,UN ,CR,"52,22"
6020,REGISTRO GAVETA,UN ,CR,"22,24"
11675,REGISTRO ESFERA,UN ,CR,"18,14"
13390,REFLETOR REDONDO,UN ,AS,"81,07"
25966,REDUTOR TIPO,L ,CR,"17,12"
20032,REDUCAO PVC,UN ,AS,"52,78"
20972,REDUCAO FIXA,UN ,CR,"121,42"
20046,REDUCAO EXCENTRICA,UN ,CR,"11,64"
14575,RECICLADORA ASFALTO,UN ,AS,"3.905.271,10"
2710,REBOLO ABRASIVO,UN ,CR,"32,44"
5104,REBITE ALUMINIO,KG ,CR,"69,86"
1082,REATOR P,UN ,AS,"140,17"
39374,REATOR INTERNOINTEGRADO,UN ,C ,"125,00"
1088,REATOR ELETRONICO,UN ,AS,"16,43"
40985,RASTELEIRO MENSALISTA,MES ,CR,"1.830,27"
25961,RASTELEIRO,H ,CR,"10,43"
11745,RALO SIFONADO,UN ,CR,"5,14"
5102,RALO SECO,UN ,CR,"5,47"
11707,RALO FOFO,UN ,AS,"11,86"
4224,QUEROSENE,L ,CR,"13,40"
39757,QUADRO DISTRIBUICAO,UN ,CR,"271,78"
38168,PUXADOR TUBULAR,UN ,CR,"126,38"
11523,PUXADOR CONCHA,UN ,CR,"12,72"
5080,PUXADOR CENTRAL,UN ,CR,"10,87"
41757,PULVERIZADOR TINTA,UN ,CR,"4.357,67"
38117,PULSADOR MINUTERIA,UN ,CR,"9,59"
38116,PULSADOR CAMPAINHA,UN ,CR,"5,63"
38376,PRUMO PAREDE,UN ,CR,"27,50"
38377,PRUMO CENTRO,UN ,CR,"24,12"
39015,PROTETORPONTEIRA PLASTICA,UN ,AS,"0,60"
36146,PROTETOR SOLAR,UN ,CR,"199,58"
36142,PROTETOR AUDITIVO,UN ,CR,"1,76"
11737,PROLONGAMENTO PVC,UN ,CR,"3,54"
38392,PROLONGADOREXTENSOR ROLO,UN ,CR,"33,74"
12273,PROJETOR RETANGULAR,UN ,AS,"61,84"
39828,PROJETOR PNEUMATICO,UN ,AS,"442,64"
37540,PROJETOR ARGAMASSA,UN ,AS,"55.666,43"
11174,PRIMER UNIVERSAL,18L ,CR,"511,73"
511,PRIMER MANTA,L ,AS,"15,99"
11149,PRIMER EPOXI,GL ,CR,"180,23"
42431,PRESSAO PERNAS,UN ,AS,"2.202,87"
11572,PRENDEDOR TRAVA,UN ,CR,"15,33"
5069,PREGO ACO,KG ,CR,"12,52"
20204,PRANCHAO MADEIRA,M ,CR,"64,21"
4465,PRANCHA MADEIRA,M ,CR,"43,57"
26028,POZOLANA CLASSE,T ,CR,"290,26"
34692,POSTE PADRAO,UN ,AS,"1.490,40"
12388,POSTE DECORATIVO,UN ,AS,"141,03"
14166,POSTE CONICO,UN ,AS,"698,76"
5034,POSTE CONCRETO,UN ,AS,"1.043,83"
37585,PORTINHOLA ABRIR,UN ,AS,"158,56"
37561,PORTAO CORRER,M2 ,CR,"521,83"
4947,PORTAO BASCULANTE,M2 ,CR,"364,06"
4948,PORTAO ABRIR,M2 ,CR,"253,69"
34713,PORTA VIDRO,M2 ,CR,"290,08"
21102,PORTA TOALHA,UN ,CR,"32,95"
4969,PORTA MADEIRADELEI,M2 ,C ,"401,38"
10556,PORTA MADEIRA,UN ,CR,"212,56"
4944,PORTA GRADE,M2 ,CR,"666,34"
4910,PORTA ENROLAR,M2 ,CR,"299,18"
25969,PORTA DENTE,UN ,AS,"386,63"
11154,PORTA CORTAFOGO,UN ,CR,"586,05"
4922,PORTA CORRER,M2 ,AS,"294,99"
5088,PORTA CADEADO,UN ,CR,"2,44"
39021,PORTA ABRIR,UN ,CR,"263,60"
39997,PORCA ZINCADA,UN ,CR,"0,15"
14148,PORCA UNIAOJUNCAO,UN ,AS,"0,77"
421,PORCA OLHAL,UN ,AS,"10,87"
26022,PONTEIRO MARTELO,UN ,CR,"114,37"
4491,PONTALETE MADEIRA,M ,CR,"6,39"
11427,POLVORA NEGRA,KG ,AS,"76,66"
3408,POLIESTIRENO EXPANDIDOEPS,M2 ,AS,"6,70"
13954,POLIDORA PISO,UN ,AS,"6.387,96"
41091,POCEIRO ESCAVADOR,MES ,CR,"2.115,34"
4741,PO PEDRA,M3 ,CR,"60,41"
11096,PO MARMORE,KG ,CR,"0,32"
4898,PLUG PVC,UN ,CR,"1,85"
4892,PLUG BUJAO,UN ,AS,"35,06"
7552,PLACATAMPA CEGA,UN ,AS,"20,25"
40671,PLACAPISO CONCRETO,M2 ,CR,"55,02"
4792,PLACA VINILICA,M2 ,CR,"107,91"
4309,PLACA VENTILACAO,UN ,CR,"5,47"
37539,PLACA SINALIZACAO,UN ,C ,"25,00"
42438,PLACA ORIENTATIVA,UN ,AS,"1.163,67"
4813,PLACA OBRA,M2 ,AS,"300,00"
10850,PLACA NUMERACAO,UN ,AS,"45,00"
10848,PLACA INAUGURACAO,UN ,AS,"904,50"
4812,PLACA GESSO,M2 ,AS,"13,08"
39515,PLACA FIBRA,UN ,AS,"39,88"
11063,PLACA CIMENTICIA,M2 ,CR,"55,42"
39566,PLACA CHAPA,M2 ,AS,"54,68"
10851,PLACA ACRILICO,UN ,AS,"43,99"
13521,PLACA ACO,UN ,AS,"99,00"
40654,PISO URETANO,M2 ,AS,"152,84"
38185,PISO TATIL,M2 ,CR,"338,30"
4822,PISO REVESTIMENTO,M2 ,CR,"321,05"
38180,PISO REGUA,M2 ,CR,"112,41"
38195,PISO PORCELANATO,M2 ,CR,"64,18"
36178,PISO PODOTATIL,UN ,CR,"8,38"
40653,PISO KORODUR,M2 ,AS,"98,40"
40647,PISO INDUSTRIAL,M2 ,AS,"128,57"
10842,PISO GRANITO,M2 ,CR,"196,22"
4786,PISO GRANILITE,M2 ,AS,"82,00"
40652,PISO FULGET,M2 ,AS,"116,76"
40648,PISO EPOXI,M2 ,AS,"157,44"
39694,PISO ELEVADO,M2 ,CR,"298,42"
1297,PISO CERAMICA,M2 ,CR,"16,59"
4800,PISO BORRACHA,M2 ,CR,"38,39"
41081,PINTOR TINTA,MES ,CR,"2.666,05"
41079,PINTOR MENSALISTA,MES ,CR,"2.478,66"
41082,PINTOR LETREIROS,MES ,CR,"3.139,35"
4783,PINTOR,H ,C ,"14,15"
445,PINO ROSCA,UN ,AS,"25,51"
14147,PINO ACO,CENTO ,AS,"45,28"
11091,PINGADEIRA PLASTICA,UN ,CR,"1,22"
38386,PINCEL CHATO,UN ,CR,"3,06"
35274,PILAR MADEIRA,M ,CR,"33,49"
5327,PIGMENTO PO,KG ,CR,"30,71"
13617,PICAPE CABINE,UN ,CR,"52.939,11"
38541,PERFURATRIZ TORRE,UN ,AS,"2.306.710,50"
40435,PERFURATRIZ SOBRE,UN ,AS,"481.750,00"
42002,PERFURATRIZ ROTATIVA,UN ,AS,"752.120,60"
11651,PERFURATRIZ PNEUMATICA,UN ,AS,"12.627,22"
40406,PERFURATRIZ MANUAL,UN ,AS,"51.178,69"
38543,PERFURATRIZ HIDRAULICA,UN ,AS,"878.157,91"
39328,PERFILADO PERFURADO,M ,CR,"3,93"
40598,PERFIL UDC,KG ,AS,"5,36"
43083,PERFIL U,KG ,AS,"5,50"
39570,PERFIL TRAVESSA,M ,CR,"3,84"
39572,PERFIL TIPO,M ,CR,"3,62"
39428,PERFIL TABICA,M ,CR,"4,19"
39426,PERFIL RODAPE,M ,CR,"17,38"
39423,PERFIL MONTANTE,M ,CR,"7,73"
39571,PERFIL LONGARINA,M ,CR,"3,91"
4766,PERFIL I,KG ,AS,"5,45"
41596,PERFIL H,KG ,AS,"6,92"
39420,PERFIL GUIA,M ,CR,"6,48"
14077,PERFIL ELASTOMERICO,M ,AS,"134,69"
40664,PERFIL CARTOLA,KG ,AS,"11,28"
39424,PERFIL CANTONEIRA,M ,CR,"2,57"
39427,PERFIL CANALETA,M ,CR,"4,32"
20259,PERFIL BORRACHA,M ,AS,"8,80"
34360,PERFIL ALUMINIO,KG ,CR,"42,85"
38410,PENEIRA ROTATIVA,UN ,AS,"10.018,23"
39573,PENDURAL REGULADOR,UN ,CR,"1,60"
39430,PENDURAL PRESILHA,UN ,CR,"1,62"
34744,PELICULA REFLETIVA,M2 ,AS,"27,90"
4825,PEITORIL SOLEIRA,M ,CR,"115,99"
41975,PEITORIL PREMOLDADO,M2 ,AS,"71,30"
34747,PEITORIL MARMORE,M ,CR,"77,93"
41065,PEDREIRO MENSALISTA,MES ,CR,"2.478,66"
4750,PEDREIRO,H ,C ,"14,15"
4746,PEDREGULHO PICARRA,M3 ,CR,"61,37"
4712,PEDRA QUARTZITO,M2 ,CR,"70,82"
4708,PEDRA PORTUGUESA,M2 ,CR,"144,86"
4730,PEDRA MAO,M3 ,CR,"66,17"
13186,PEDRA GRANITICA,M3 ,AS,"89,21"
4748,PEDRA BRITADA,M3 ,CR,"68,47"
4704,PEDRA ARDOSIA,M2 ,CR,"36,05"
4433,PECA MADEIRA,M ,CR,"10,89"
39597,PATCH PANEL,UN ,AS,"449,41"
39607,PATCH CORD,UN ,AS,"20,19"
41066,PASTILHEIRO MENSALISTA,MES ,CR,"3.176,14"
4751,PASTILHEIRO,H ,CR,"18,13"
34754,PASTILHA VIDRO,M2 ,AS,"463,73"
4396,PASTILHA CERAMICAPORCELANA,M2 ,AS,"154,44"
118,PASTA VEDA,UN ,CR,"54,76"
39897,PASTA SOLDA,UN ,AS,"37,28"
20078,PASTA LUBRIFICANTE,UN ,CR,"14,48"
38397,PASTA DESENGRAXANTE,KG ,CR,"5,19"
4274,PARARAIOS TIPO,UN ,C ,"109,95"
4273,PARARAIOS DISTRIBUICAO,UN ,CR,"474,16"
4272,PARARAIOS BAIXA,UN ,CR,"96,71"
4385,PARALELEPIPEDO GRANITICO,MIL ,AS,"1.500,00"
4318,PARAFUSO ZINCADO,UN ,CR,"1,23"
11058,PARAFUSO ROSCA,UN ,CR,"0,31"
4384,PARAFUSO NIQUELADO,UN ,CR,"11,43"
441,PARAFUSO M,UN ,AS,"6,15"
4358,PARAFUSO LATAO,UN ,CR,"1,03"
4334,PARAFUSO FRANCES,UN ,CR,"9,60"
4346,PARAFUSO FERRO,UN ,CR,"5,15"
39440,PARAFUSO DRY,UN ,CR,"0,10"
40549,PARAFUSO COMUM,CENTO ,CR,"94,24"
39438,PARAFUSO CABECA,UN ,CR,"0,13"
40552,PARAFUSO AUTO,CENTO ,CR,"23,80"
40839,PARAFUSO ASTM,CENTO ,CR,"57,53"
4377,PARAFUSO ACO,UN ,CR,"0,09"
25400,PAR TABELAS,UN ,CR,"1.431,39"
37400,PAPELEIRA PLASTICA,UN ,CR,"67,16"
11703,PAPELEIRA PAREDE,UN ,CR,"27,69"
38366,PAPEL KRAFT,M2 ,CR,"4,60"
39517,PAINEL TERMOISOLANTE,M2 ,AS,"183,39"
39744,PAINEL LA,M2 ,AS,"24,07"
39637,PAINEL ESTRUTURAL,M2 ,CR,"80,04"
38402,PA LIXO,UN ,CR,"4,69"
14221,PA CARREGADEIRA,UN ,AS,"337.786,58"
2,OXIGENIO RECARGA,M3 ,AS,"9,80"
41001,OPERADOR USINA,MES ,CR,"2.323,71"
41002,OPERADOR TRATOR,MES ,CR,"2.717,99"
41012,OPERADOR ROLO,MES ,CR,"2.950,86"
25959,OPERADOR PAVIMENTADORA,H ,CR,"15,45"
41033,OPERADOR PA,MES ,CR,"2.357,15"
41024,OPERADOR MOTONIVELADORA,MES ,CR,"3.215,43"
4240,OPERADOR MOTO,H ,CR,"14,95"
4257,OPERADOR MARTELETE,H ,CR,"12,70"
4230,OPERADOR MAQUINAS,H ,CR,"14,45"
40979,OPERADOR JATO,MES ,CR,"2.527,23"
41036,OPERADOR GUINDASTE,MES ,CR,"1.888,30"
40981,OPERADOR GUINCHO,MES ,CR,"1.982,72"
40987,OPERADOR ESCAVADEIRA,MES ,CR,"2.823,02"
41043,OPERADOR DEMARCADORA,MES ,CR,"2.577,03"
4250,OPERADOR COMPRESSOR,H ,CR,"14,54"
4243,OPERADOR BETONEIRA,H ,CR,"11,95"
40980,OPERADOR BATEESTACAS,MES ,CR,"2.826,05"
38170,OLHO MAGICO,UN ,CR,"11,00"
4227,OLEO LUBRIFICANTE,L ,C ,"17,50"
5333,OLEO LINHACA,L ,CR,"19,36"
4221,OLEO DIESEL,L ,C ,"3,45"
11138,OLEO COMBUSTIVEL,L ,CR,"2,22"
36152,OCULOS SEGURANCA,UN ,CR,"4,57"
38176,NUMERO ALGARISMO,UN ,CR,"6,53"
39608,NOBREAK TRIFASICO,UN ,CR,"36.492,86"
41094,NIVELADOR MENSALISTA,MES ,CR,"2.582,12"
7595,NIVELADOR,H ,CR,"14,73"
40362,NIPLE SEXTAVADO,UN ,AS,"12,30"
4194,NIPLE REDUCAO,UN ,AS,"27,04"
4184,NIPLE FERRO,UN ,AS,"186,81"
4213,NIPEL PVC,UN ,CR,"9,37"
42430,MULTIEXERCITADOR SEIS,UN ,AS,"3.581,17"
4127,MUFLA TERMINAL,UN ,AS,"195,78"
360,MUDA RASTEIRAFORRACAO,UN ,C ,"3,00"
38641,MUDA PALMEIRA,UN ,CR,"129,31"
358,MUDA ARVORE,UN ,CR,"63,79"
38640,MUDA ARBUSTO,UN ,CR,"3,10"
4114,MOURAO CONCRETO,UN ,CR,"52,48"
13955,MOTOSSERRA PORTATIL,UN ,AS,"2.489,33"
40992,MOTORISTA OPERADOR,MES ,CR,"2.292,80"
4097,MOTORISTA ONIBUS,H ,CR,"17,59"
4095,MOTORISTA CARRO,H ,CR,"13,48"
4094,MOTORISTA CAMINHAOCARRETA,H ,CR,"17,69"
20020,MOTORISTA CAMINHAOBASCULANTE,H ,CR,"12,49"
4093,MOTORISTA CAMINHAO,H ,CR,"13,24"
39404,MOTOR GASOLINA,UN ,AS,"1.583,70"
39403,MOTOR ELETRICO,UN ,AS,"1.276,29"
39628,MOTOR DIESEL,UN ,AS,"3.193,79"
10597,MOTONIVELADORA POTENCIA,UN ,AS,"773.695,48"
36503,MOTOBOMBA TRASH,UN ,CR,"3.129,56"
36502,MOTOBOMBA CENTRIFUGA,UN ,CR,"2.537,92"
14252,MOTOBOMBA AUTOESCORVANTE,UN ,CR,"2.033,35"
40921,MONTADOR MAQUINAS,MES ,CR,"4.117,64"
25957,MONTADOR ESTRUTURAS,H ,CR,"12,21"
34761,MONTADOR ELETROELETRONICOS,H ,CR,"15,68"
11499,MOLA HIDRAULICA,UN ,CR,"1.097,24"
11561,MOLA AEREA,UN ,CR,"139,73"
11771,MISTURADOR PAREDE,UN ,CR,"227,18"
37587,MISTURADOR MONOCOMANDO,UN ,CR,"206,63"
38385,MISTURADOR MANUAL,UN ,CR,"28,50"
39919,MISTURADOR DUPLO,UN ,AS,"42.824,42"
11769,MISTURADOR CROMADO,UN ,CR,"183,15"
36800,MISTURADOR BASE,UN ,CR,"74,73"
37545,MISTURADOR ARGAMASSA,UN ,AS,"10.766,80"
21109,MINUTERIA ELETRONICA,UN ,AS,"46,78"
37522,MINIESCAVADEIRA SOBRE,UN ,AS,"319.300,95"
37519,MINICARREGADEIRA SOBRE,UN ,AS,"258.312,59"
10430,MICTORIO SIFONADO,UN ,CR,"273,97"
11699,MICTORIO INDIVIDUAL,UN ,CR,"587,51"
11697,MICTORIO COLETIVO,UN ,CR,"445,59"
36512,MICROTRATOR CORTADOR,UN ,AS,"11.471,48"
25973,MICROESFERAS VIDRO,KG ,CR,"9,83"
34361,METACAULIM ALTA,KG ,CR,"13,97"
4069,MESTRE OBRAS,H ,CR,"31,89"
10608,MESA VIBRATORIA,UN ,AS,"8.683,28"
41315,MEMBRANA IMPERMEABILIZANTE,KG ,CR,"73,03"
4062,MEIOFIO GUIA,UN ,CR,"13,01"
34788,MEIO BLOCO,UN ,CR,"1,05"
38598,MEIA CANALETA,UN ,CR,"1,64"
3288,MEIA CANA,M ,AS,"4,55"
13741,MEDIDOR NIVEL,UN ,CR,"1.695,85"
34794,MECANICO REFRIGERACAO,H ,CR,"12,01"
4058,MECANICO EQUIPAMENTOS,H ,CR,"18,26"
11082,MATERIAL FILTRANTE,M3 ,CR,"805,59"
12357,MASTRO SIMPLES,UN ,CR,"168,44"
10498,MASSA VIDRO,KG ,CR,"7,50"
38877,MASSA TEXTURA,KG ,CR,"6,29"
39434,MASSA REJUNTE,KG ,AS,"3,98"
4823,MASSA PLASTICA,KG ,CR,"34,29"
4053,MASSA OLEO,GL ,CR,"35,73"
4049,MASSA EPOXI,L ,CR,"29,38"
4047,MASSA CORRIDA,GL ,C ,"9,38"
4056,MASSA ACRILICA,GL ,CR,"18,79"
36141,MASCARA SEGURANCA,UN ,CR,"31,69"
38463,MARTELO SOLDADORPICADOR,UN ,CR,"19,62"
10747,MARTELO PERFURADOR,UN ,AS,"17.494,82"
40703,MARTELO DEMOLIDOR,UN ,AS,"7.599,78"
41067,MARMORISTA GRANITEIRO,MES ,CR,"2.970,09"
40916,MARCENEIRO MENSALISTA,MES ,CR,"2.533,53"
12868,MARCENEIRO,H ,CR,"14,45"
40403,MAQUINA TRANSFORMADORA,UN ,AS,"490,14"
39813,MAQUINA TIPO,UN ,AS,"20.704,22"
14534,MAQUINA MANUAL,UN ,AS,"25.410,29"
13836,MAQUINA EXTRUSORA,UN ,AS,"60.699,21"
40637,MAQUINA DEMARCADORA,UN ,AS,"505.925,24"
14619,MAQUINA CORTE,UN ,CR,"11.277,72"
25865,MANTA TERMOPLASTICA,M2 ,AS,"39,54"
38545,MANTA POLIETILENO,M2 ,CR,"5,22"
626,MANTA LIQUIDA,KG ,C ,"14,40"
39323,MANTA GEOTEXTIL,M2 ,CR,"19,91"
39699,MANTA BORRACHA,M2 ,CR,"10,59"
4014,MANTA ASFALTICA,M2 ,CR,"44,86"
39700,MANTA ANTIRRUIDO,M2 ,CR,"21,79"
39696,MANTA ALUMINIZADA,M2 ,AS,"4,50"
12898,MANOMETRO CAIXA,UN ,AS,"122,00"
37515,MANIPULADOR TELESCOPICO,UN ,AS,"354.577,00"
20185,MANGUEIRA PVC,M ,AS,"13,12"
37527,MANGUEIRA INCENDIO,UN ,CR,"370,04"
20260,MANGUEIRA GAS,UN ,AS,"10,55"
37454,MANGUEIRA CRISTAL,M ,AS,"0,84"
36151,MANGOTE SEGURANCA,UN ,CR,"23,48"
4006,MADEIRA SERRADA,M3 ,CR,"1.927,05"
2747,MADEIRA ROLICA,M ,AS,"15,57"
40977,MACARIQUEIRO MENSALISTA,MES ,CR,"2.537,59"
4244,MACARIQUEIRO,H ,CR,"14,47"
38473,MACARICO SOLDA,UN ,CR,"80,77"
11518,MACANETA TIPO,PAR ,CR,"31,82"
11519,MACANETA ALAVANCA,PAR ,CR,"27,58"
38943,LUVA TUBO,UN ,AS,"4,42"
37986,LUVA TRANSICAO,UN ,AS,"1,37"
3856,LUVA SOLDAVEL,UN ,CR,"1,24"
3837,LUVA SIMPLES,UN ,AS,"37,02"
3884,LUVA ROSCAVEL,UN ,CR,"1,66"
3930,LUVA REDUCAO,UN ,AS,"62,61"
12892,LUVA RASPA,PAR ,CR,"10,56"
3877,LUVA PVC,UN ,CR,"4,81"
1900,LUVA PRESSAO,UN ,CR,"1,27"
38442,LUVA PPR,UN ,AS,"5,33"
37426,LUVA PEAD,UN ,AS,"18,74"
39861,LUVA PASSANTE,UN ,AS,"116,12"
3917,LUVA FERRO,UN ,AS,"275,12"
2644,LUVA ELETRODUTO,UN ,AS,"4,45"
20162,LUVA DUPLA,UN ,CR,"11,34"
21119,LUVA CPVC,UN ,AS,"1,17"
3847,LUVA CORRER,UN ,CR,"19,93"
12730,LUVA COBRE,UN ,AS,"177,79"
36147,LUVA BORRACHA,PAR ,CR,"303,79"
40375,LUVA ACO,UN ,AS,"96,30"
38775,LUMINARIA TIPO,UN ,AS,"46,26"
38773,LUMINARIA TETO,UN ,AS,"3,75"
39378,LUMINARIA SPOT,UN ,AS,"43,63"
43265,LUMINARIA SOLAR,UN ,CR,"71,49"
12239,LUMINARIA SOBREPOR,UN ,AS,"23,43"
12267,LUMINARIA PROVA,UN ,AS,"120,24"
3803,LUMINARIA PLAFON,UN ,AS,"35,43"
39390,LUMINARIA LED,UN ,CR,"52,00"
38786,LUMINARIA HERMETICA,UN ,AS,"122,21"
13382,LUMINARIA FECHADA,UN ,AS,"223,31"
38774,LUMINARIA EMERGENCIA,UN ,CR,"24,99"
38776,LUMINARIA EMBUTIR,UN ,AS,"160,52"
12271,LUMINARIA DUPLA,UN ,AS,"209,56"
38769,LUMINARIA ARANDELA,UN ,AS,"37,37"
3798,LUMINARIA ABERTA,UN ,AS,"47,85"
3779,LONA PLASTICA,M ,CR,"11,83"
40275,LOCACAO VIGA,MES ,CR,"12,00"
40291,LOCACAO TORRE,MES ,CR,"418,61"
7247,LOCACAO TEODOLITO,H ,AS,"2,14"
10809,LOCACAO TALHA,H ,AS,"1,05"
4778,LOCACAO PERFURATRIZ,H ,AS,"2,70"
7252,LOCACAO NIVEL,H ,AS,"2,14"
3346,LOCACAO GRUPO,H ,AS,"13,50"
40290,LOCACAO FORMA,MES ,CR,"7,92"
10749,LOCACAO ESCORA,MES ,CR,"5,49"
39814,LOCACAO ELEVADOR,H ,AS,"44,71"
40339,LOCACAO CRUZETA,MES ,CR,"3,00"
10779,LOCACAO CONTAINER,MES ,AS,"652,50"
4085,LOCACAO BOMBA,H ,AS,"2,11"
40287,LOCACAO BARRA,MES ,CR,"3,00"
40271,LOCACAO APRUMADOR,MES ,CR,"7,80"
10527,LOCACAO ANDAIME,MXMES ,C ,"12,00"
42440,LIXEIRA DUPLA,UN ,AS,"687,89"
38413,LIXADEIRA ELETRICA,UN ,CR,"659,83"
3767,LIXA FOLHA,UN ,CR,"0,41"
38383,LIXA DAGUA,UN ,CR,"1,30"
6091,LIQUIDO BRILHO,L ,CR,"14,40"
38382,LINHA PEDREIRO,UN ,CR,"6,95"
37768,LIMPADORA SUCCAO,UN ,AS,"98.500,00"
5093,LEVANTADOR JANELA,PAR ,CR,"13,41"
10853,LETRA ACO,UN ,CR,"65,12"
40932,LEITURISTA CADASTRISTA,MES ,CR,"1.947,15"
10428,LAVATORIOCUBA SOBREPOR,UN ,CR,"207,80"
20270,LAVATORIOCUBA EMBUTIR,UN ,CR,"78,16"
10429,LAVATORIO LOUCA,UN ,CR,"87,09"
36521,LAVATORIO CANTO,UN ,CR,"112,79"
746,LAVADORA ALTA,UN ,C ,"2.669,76"
3752,LAMPADA VAPOR,UN ,CR,"76,97"
3755,LAMPADA LUZ,UN ,CR,"21,51"
39386,LAMPADA LED,UN ,CR,"13,30"
38779,LAMPADA FLUORESCENTE,UN ,CR,"7,53"
21106,LAMBRI ALUMINIO,KG ,CR,"36,09"
3745,LAJE PREMOLDADA,M2 ,CR,"40,77"
38138,LADRILHO HIDRAULICO,M2 ,AS,"46,77"
12118,KIT PROTECAO,UN ,CR,"22,13"
39485,KIT PORTA,UN ,CR,"371,13"
13343,KIT MATERIAIS,UN ,CR,"22,66"
39354,KIT CHUVEIRO,UN ,AS,"203,53"
39355,KIT CHASSI,UN ,AS,"148,91"
3729,KIT CAVALETE,UN ,CR,"55,74"
39398,KIT ACESSORIOS,UN ,CR,"71,18"
3673,JUNTA PLASTICA,M ,AS,"1,38"
39873,JUNTA EXPANSAO,UN ,AS,"361,35"
3681,JUNTA DILATACAO,M ,AS,"87,85"
3658,JUNCAO SIMPLES,UN ,CR,"10,49"
10908,JUNCAO REDUCAO,UN ,CR,"11,03"
3664,JUNCAO PVC,UN ,CR,"4,14"
10911,JUNCAO INVERTIDA,UN ,CR,"13,72"
14157,JUNCAO GARRAS,UN ,AS,"1,07"
3656,JUNCAO DUPLA,UN ,CR,"12,36"
12032,JOGO TRANQUETA,JG ,CR,"42,19"
3104,JOGO FERRAGENS,CJ ,CR,"367,69"
20159,JOELHO VISITA,UN ,CR,"34,58"
38430,JOELHO TRANSICAO,UN ,AS,"13,53"
38940,JOELHO ROSCA,UN ,AS,"19,45"
3533,JOELHO REDUCAO,UN ,CR,"1,63"
3481,JOELHO PVC,UN ,CR,"10,37"
38437,JOELHO PPR,UN ,AS,"17,48"
38931,JOELHO GRAUS,UN ,AS,"10,64"
21118,JOELHO CPVC,UN ,AS,"1,98"
41077,JARDINEIRO MENSALISTA,MES ,CR,"2.399,09"
25964,JARDINEIRO,H ,CR,"13,67"
34797,JANELA MAXIMO,UN ,AS,"365,71"
3423,JANELA MAXIM,M2 ,CR,"528,09"
3421,JANELA MADEIRA,M2 ,CR,"374,46"
40661,JANELA FOLHAS,M2 ,CR,"371,62"
34380,JANELA FIXA,UN ,CR,"105,69"
11199,JANELA CORRER,UN ,AS,"927,28"
11190,JANELA BASCULANTE,UN ,AS,"167,90"
3429,JANELA ABRIR,M2 ,CR,"285,67"
3405,ISOLADOR PORCELANA,UN ,AS,"65,92"
38412,INVERSOR SOLDA,UN ,AS,"1.009,90"
38071,INTERRUPTORES SIMPLES,UN ,CR,"16,94"
38074,INTERRUPTORES PARALELOS,UN ,CR,"24,88"
38069,INTERRUPTOR SIMPLES,UN ,CR,"15,31"
38063,INTERRUPTOR PARALELO,UN ,CR,"9,39"
38115,INTERRUPTOR INTERMEDIARIO,UN ,CR,"18,60"
38064,INTERRUPTOR BIPOLAR,UN ,CR,"19,47"
40929,INSTALADOR TUBULACOES,MES ,CR,"3.590,58"
7340,IMUNIZANTE MADEIRA,L ,CR,"21,77"
151,IMPERMEABILIZANTE INCOLOR,L ,CR,"23,12"
140,IMPERMEABILIZANTE FLEXIVEL,KG ,CR,"15,67"
41076,IMPERMEABILIZADOR MENSALISTA,MES ,CR,"2.660,06"
12873,IMPERMEABILIZADOR,H ,CR,"15,17"
3390,IGNITOR LAMPADA,UN ,AS,"20,25"
12776,HIDROMETRO WOLTMANN,UN ,AS,"1.576,47"
12773,HIDROMETRO UNIJATO,UN ,AS,"85,88"
12775,HIDROMETRO MULTIJATO,UN ,AS,"305,88"
37771,HIDROJATEADORA DESOBSTRUCAO,UN ,AS,"121.838,18"
10924,HIDRANTE SUBTERRANEO,UN ,AS,"1.864,33"
10922,HIDRANTE COLUNA,UN ,AS,"2.994,99"
10561,HEXAMETAFOSFATO SODIO,KG ,CR,"0,49"
11029,HASTE RETA,CJ ,CR,"1,41"
20062,HASTE METALICA,UN ,AS,"12,00"
3378,HASTE ATERRAMENTO,UN ,CR,"47,99"
7569,HASTE ANCORA,UN ,AS,"43,94"
34349,HASTE ACO,UN ,CR,"18,59"
37776,GUINDAUTO HIDRAULICO,UN ,AS,"132.370,65"
25954,GUINDASTE HIDRAULICO,UN ,AS,"1.270.494,75"
36487,GUINCHO ELETRICO,UN ,AS,"4.455,93"
40527,GUINCHO ALAVANCA,UN ,AS,"2.241,73"
36888,GUARNICAOMOLDURA ACABAMENTO,M ,CR,"5,95"
39836,GUARNICAOALIZARVISTA E,JG ,AS,"145,95"
20007,GUARNICAO ALIZAR,M ,CR,"2,55"
13333,GRUPO SOLDAGEM,UN ,AS,"146.282,53"
36499,GRUPO GERADOR,UN ,AS,"2.852,51"
36493,GRUA ASCENCIONAL,UN ,AS,"428.042,35"
11731,GRELHA PVC,UN ,CR,"2,90"
11245,GRELHA FOFO,UN ,AS,"250,54"
4229,GRAXA LUBRIFICANTE,KG ,CR,"25,69"
134,GRAUTE CIMENTICIO,KG ,CR,"1,40"
11795,GRANITO BANCADA,M2 ,CR,"271,69"
4824,GRANILHA GRANA,KG ,CR,"0,46"
36786,GRANALHA ACO,SC25KG,AS,"128,39"
11032,GRAMPO U,UN ,CR,"9,20"
1564,GRAMPO PARALELO,UN ,CR,"6,31"
425,GRAMPO METALICO,UN ,CR,"3,07"
11837,GRAMPO LINHA,UN ,CR,"33,07"
5076,GRAMPO ACO,KG ,CR,"12,41"
3322,GRAMA ESMERALDA,M2 ,C ,"9,00"
3324,GRAMA BATATAIS,M2 ,CR,"6,42"
38968,GRADIL X,M2 ,AS,"347,93"
36529,GRADE DISCOS,UN ,AS,"34.311,22"
11462,GONZO SOBREPOR,PAR ,CR,"13,86"
5092,GONZO EMBUTIR,PAR ,CR,"13,55"
36870,GESSO PROJETADO,KG ,AS,"0,57"
3315,GESSO PO,KG ,AS,"0,58"
41075,GESSEIRO MENSALISTA,MES ,CR,"1.898,42"
12872,GESSEIRO,H ,CR,"10,82"
36498,GERADOR PORTATIL,UN ,AS,"5.282,42"
4021,GEOTEXTIL NAO,M2 ,CR,"7,90"
34804,GEOGRELHA TECIDA,M2 ,AS,"45,43"
4222,GASOLINA COMUM,L ,C ,"4,43"
4226,GAS COZINHA,KG ,C ,"4,99"
402,GANCHO OLHAL,UN ,AS,"9,41"
42482,GANCHO L,UN ,CR,"2,17"
4315,GANCHO CHATO,UN ,CR,"1,63"
34612,GABIAO TIPO,UN ,AS,"774,01"
11599,GABIAO SACO,UN ,AS,"536,72"
34802,GABIAO MANTA,UN ,AS,"1.173,69"
3297,FUSIVEL NH,UN ,CR,"20,65"
12344,FUSIVEL DIAZED,UN ,CR,"3,42"
38633,FURO TORNEIRA,UN ,CR,"17,59"
6086,FUNDO SINTETICO,GL ,CR,"46,35"
38122,FUNDO PREPARADOR,L ,CR,"8,96"
7307,FUNDO ANTICORROSIVO,L ,CR,"24,19"
13877,FRESADORA ASFALTO,UN ,AS,"1.923.948,41"
39364,FOSSA SEPTICASEM,UN ,CR,"8.447,79"
39362,FOSSA SEPTICA,UN ,CR,"2.924,55"
36238,FORRO PVC,M2 ,CR,"18,56"
3287,FORRO MADEIRA,M2 ,AS,"91,00"
39513,FORRO FIBRA,M2 ,AS,"100,73"
3275,FORRO COMPOSTO,M2 ,CR,"92,84"
3262,FLANGE SEXTAVADO,UN ,AS,"11,04"
3261,FLANGE PVC,UN ,CR,"78,51"
13261,FLANELA,UN ,CR,"1,14"
4311,FIXADOR ABA,UN ,CR,"1,58"
3143,FITA VEDA,UN ,CR,"5,68"
42015,FITA PLASTICA,M ,CR,"0,11"
39431,FITA PAPEL,M ,AS,"0,23"
14152,FITA METALICA,UN ,AS,"36,05"
404,FITA ISOLANTE,M ,CR,"0,97"
12815,FITA CREPE,UN ,CR,"5,33"
407,FITA ALUMINIO,KG ,CR,"58,76"
39701,FITA ADESIVA,UN ,CR,"80,42"
406,FITA ACO,UN ,CR,"55,11"
935,FIO TELEFONICO,M ,CR,"0,63"
38133,FIO COBRE,KG ,CR,"75,78"
14146,FINCAPINO LONGO,CENTO ,AS,"57,80"
37394,FINCAPINO CURTO,CENTO ,AS,"35,94"
39365,FILTRO ANAEROBIO,UN ,CR,"907,33"
39014,FIBRA ACO,KG ,AS,"5,97"
38125,FERTILIZANTE ORGANICO,KG ,CR,"0,56"
25951,FERTILIZANTE NPK,KG ,AS,"1,73"
11461,FERROLHO FECHO,UN ,CR,"4,79"
43472,FERRAMENTAS FAMILIA,MES ,C ,"103,89"
42481,FELTRO LA,M2 ,AS,"21,19"
3121,FECHO TRINCO,UN ,CR,"3,82"
11458,FECHO SEGURANCA,UN ,CR,"18,90"
38165,FECHO FECHADURA,CJ ,CR,"53,28"
3108,FECHO EMBUTIR,UN ,CR,"21,24"
11469,FECHADURA TRADICIONAL,UN ,CR,"10,60"
38155,FECHADURA SOBREPOR,UN ,CR,"39,57"
3099,FECHADURA EMBUTIR,CJ ,CR,"52,06"
3103,FECHADURA C,UN ,CR,"52,52"
11480,FECHADURA AUXILIAR,CJ ,CR,"50,32"
34795,FAIXA FILETE,M2 ,AS,"257,95"
10780,EXTREMIDADETUBETE HIDROMETRO,UN ,AS,"7,18"
3075,EXTREMIDADE PVC,UN ,AS,"84,94"
10892,EXTINTOR INCENDIO,UN ,C ,"192,50"
38475,EXTENSAO SOLDA,UN ,CR,"19,41"
40863,EXAMES MENSALISTA,MES ,C ,"65,94"
37372,EXAMES HORISTA,H ,C ,"0,35"
4223,ETANOL,L ,C ,"3,39"
41074,ESTUCADOR MENSALISTA,MES ,CR,"2.600,63"
12865,ESTUCADOR,H ,CR,"14,84"
21142,ESTRIBO PARAFUSO,UN ,CR,"23,57"
2762,ESTOPIM SIMPLES,M ,AS,"8,87"
13,ESTOPA,KG ,CR,"7,46"
38384,ESTILETE METAL,UN ,CR,"12,11"
38539,ESTACA PREMOLDADA,M ,AS,"62,55"
39614,ESTABILIZADOR BIVOLT,UN ,CR,"190,95"
42429,ESQUI TRIPLO,UN ,AS,"3.353,46"
20059,ESQUADRO INTERNO,UN ,AS,"13,71"
38380,ESQUADRO ACO,UN ,CR,"19,07"
38124,ESPUMA EXPANSIVA,UN ,C ,"26,85"
2759,ESPOLETA SIMPLES,UN ,AS,"7,10"
11557,ESPELHO RETO,PAR ,CR,"28,03"
38092,ESPELHO PLACA,UN ,CR,"2,25"
11186,ESPELHO CRISTAL,M2 ,CR,"338,26"
38368,ESPATULA PLASTICO,UN ,CR,"4,67"
38367,ESPATULA ACO,UN ,CR,"12,00"
20219,ESPARGIDOR ASFALTO,UN ,AS,"74.000,00"
40433,ESPACADORSEPARADOR CORDOALHA,UN ,AS,"0,95"
40432,ESPACADOR SEPARADOR,UN ,AS,"1,71"
39017,ESPACADOR DISTANCIADOR,UN ,AS,"0,13"
11359,ESMERILHADEIRA ANGULAR,UN ,C ,"640,00"
20968,ESGUICHO TIPO,UN ,CR,"110,09"
37555,ESGUICHO JATO,UN ,CR,"242,85"
26021,ESCOVA CIRCULAR,UN ,CR,"41,18"
12,ESCOVA ACO,UN ,C ,"4,85"
4111,ESCORA PREMOLDADA,UN ,CR,"41,60"
36483,ESCAVADEIRA HIDRAULICA,UN ,AS,"499.375,00"
2720,ESCAVADEIRA DRAGA,H ,AS,"176,62"
38477,ESCADA EXTENSIVEL,UN ,CR,"632,73"
38476,ESCADA DUPLA,UN ,CR,"223,42"
37774,EQUIPAMENTO LIMPEZA,UN ,AS,"188.694,18"
38630,EQUIPAMENTO DEMARCACAO,UN ,AS,"1.131.921,87"
43482,EPI FAMILIA,H ,C ,"0,61"
38403,ENXADA ESTREITA,UN ,CR,"29,72"
34785,ENGENHEIRO SANITARISTA,H ,CR,"82,40"
34783,ENGENHEIRO ELETRICISTA,H ,CR,"82,31"
34780,ENGENHEIRO CIVIL,H ,CR,"99,88"
6141,ENGATERABICHO FLEXIVEL,UN ,CR,"3,15"
11683,ENGATE RABICHO,UN ,CR,"32,11"
14250,ENERGIA ELETRICA,KW/H ,C ,"0,87"
43146,ENDURECEDOR MINERAL,KG ,CR,"7,33"
4083,ENCARREGADO GERAL,H ,C ,"21,02"
2696,ENCANADOR BOMBEIRO,H ,C ,"17,87"
37534,EMULSAO EXPLOSIVA,KG ,AS,"15,19"
41903,EMULSAO ASFALTICA,KG ,AS,"2,48"
10637,EMPILHADEIRA SOBRE,UN ,AS,"238.534,81"
12624,EMENDA CALHA,UN ,AS,"9,66"
37777,ELEVADOR CREMALHEIRA,UN ,AS,"173.364,31"
36486,ELEVADOR CARGA,UN ,AS,"36.823,49"
40922,ELETROTECNICO MENSALISTA,MES ,CR,"4.013,19"
2438,ELETROTECNICO,H ,CR,"22,90"
39247,ELETRODUTODUTO PEAD,M ,CR,"3,64"
39253,ELETRODUTOCONDULETE PVC,M ,CR,"8,53"
2682,ELETRODUTO PVC,M ,CR,"15,82"
21137,ELETRODUTO METALICO,M ,AS,"8,29"
12062,ELETRODUTO FLEXIVEL,M ,AS,"47,71"
21136,ELETRODUTO ACO,M ,AS,"10,47"
10997,ELETRODO REVESTIDO,KG ,C ,"20,25"
40918,ELETRICISTA MENSALISTA,MES ,CR,"3.129,54"
40923,ELETRICISTA MANUTENCAO,MES ,CR,"2.046,19"
2436,ELETRICISTA,H ,C ,"17,87"
10577,ELEMENTO VAZADO,UN ,CR,"15,09"
36516,DUMPER CAPACIDADE,UN ,AS,"77.621,48"
38190,DUCHA METALICA,UN ,CR,"375,27"
1370,DUCHA HIGIENICA,UN ,CR,"88,28"
38411,DOSADOR AREIA,UN ,AS,"1.131,09"
11116,DOMOS INDIVIDUAL,UN ,AS,"446,66"
11451,DOBRADICA TIPO,UN ,CR,"42,26"
11447,DOBRADICA LATAO,UN ,CR,"15,76"
2433,DOBRADICA ACOFERRO,UN ,CR,"4,64"
40521,DOBRADEIRA ELETROMECANICA,UN ,CR,"77.251,76"
10698,DIVISORIA PLACA,M2 ,AS,"156,86"
2413,DIVISORIA N,M2 ,AS,"93,37"
10629,DIVISORIA MARMORE,M2 ,CR,"503,01"
25976,DIVISORIA GRANITO,M2 ,CR,"301,13"
2404,DIVISORIA COLMEIA,M2 ,AS,"86,00"
11983,DIVISORIA CEGA,M2 ,AS,"191,65"
39288,DISTRIBUIDOR PLASTICO,UN ,AS,"165,96"
38869,DISTRIBUIDOR METALICO,UN ,AS,"31,74"
2401,DISTRIBUIDOR AGREGADOS,UN ,AS,"57.408,12"
39463,DISPOSITIVO DR,UN ,CR,"569,80"
39475,DISPOSITIVO DPS,UN ,CR,"156,27"
2392,DISJUNTOR TIPO,UN ,CR,"86,93"
34707,DISJUNTOR TERMOMAGNETICO,UN ,CR,"1.655,15"
34729,DISJUNTOR TERMICO,UN ,CR,"1.301,89"
26020,DISCO LIXA,UN ,CR,"4,46"
26019,DISCO DESBASTE,UN ,CR,"17,11"
26018,DISCO CORTE,UN ,CR,"18,11"
26017,DISCO BORRACHA,UN ,CR,"22,30"
5330,DILUENTE EPOXI,L ,CR,"37,68"
6,DETERGENTE AMONIACO,L ,CR,"3,59"
2692,DESMOLDANTE PROTETOR,L ,CR,"5,72"
39397,DESMOLDANTE FORMAS,L ,CR,"14,19"
43144,DESMOLDANTE CONCRETO,KG ,CR,"31,14"
40808,DESENHISTA TECNICO,MES ,CR,"4.909,95"
40807,DESENHISTA PROJETISTA,MES ,CR,"4.148,15"
40805,DESENHISTA DETALHISTA,MES ,CR,"6.750,08"
40806,DESENHISTA COPISTA,MES ,CR,"2.789,50"
38372,DESEMPENADEIRA PLASTICA,UN ,CR,"12,02"
38370,DESEMPENADEIRA ACO,UN ,CR,"12,01"
25968,DENTE FRESADORA,UN ,AS,"41,06"
39866,CURVA TRANSPOSICAO,UN ,AS,"12,77"
20098,CURVA PVC,UN ,CR,"93,41"
36355,CURVA PPR,UN ,AS,"4,42"
1858,CURVA LONGA,UN ,AS,"19,77"
2623,CURVA GRAUS,UN ,AS,"5,00"
20095,CURVA CURTA,UN ,AS,"17,98"
37972,CURVA CPVC,UN ,AS,"4,78"
7219,CUMEEIRA UNIVERSAL,UN ,CR,"35,15"
40742,CUMEEIRA TELHA,UN ,CR,"5,42"
7214,CUMEEIRA SHED,UN ,CR,"33,96"
20235,CUMEEIRA NORMAL,UN ,CR,"50,12"
11017,CUMEEIRA ARTICULADA,UN ,CR,"6,29"
1743,CUBA ACO,UN ,CR,"116,00"
1651,CRUZETA FERRO,UN ,AS,"115,09"
10510,CRUZETA EUCALIPTO,UN ,AS,"75,85"
34519,CRUZETA CONCRETO,UN ,AS,"72,36"
3113,CREMONA CASTANHA,CJ ,CR,"58,84"
37416,COTOVELOJOELHO GRAUS,UN ,AS,"3,24"
37415,COTOVELOJOELHO ADAPTADOR,UN ,AS,"7,15"
3468,COTOVELO REDUCAO,UN ,AS,"25,49"
3441,COTOVELO GRAUS,UN ,AS,"4,96"
12721,COTOVELO COBRE,UN ,AS,"223,96"
39869,COTOVELO BRONZELATAO,UN ,AS,"9,64"
11280,CORTADEIRA PISO,UN ,CR,"8.841,96"
40519,CORTADEIRA HIDRAULICA,UN ,CR,"72.890,08"
5086,CORRENTE ELO,KG ,CR,"25,28"
1634,CORDEL DETONANTE,M ,AS,"6,41"
11889,CORDAO COBRE,M ,CR,"1,27"
38200,CORDA POLIAMIDA,100M ,CR,"501,09"
5328,CORANTE LIQUIDO,UN ,CR,"4,45"
40934,COORDENADOR GERENTE,MES ,CR,"22.400,08"
14211,CONTRAPORCA SEXTAVADA,UN ,CR,"22,76"
1618,CONTATOR TRIPOLAR,UN ,AS,"1.026,52"
10667,CONTAINER ALMOXARIFADO,UN ,AS,"11.245,00"
25399,CONJUNTO QUADRA,UN ,AS,"1.288,55"
43440,CONJUNTO PREMOLDADO,UN ,CR,"212,07"
37598,CONJUNTO MONTADO,UN ,AS,"27,95"
6142,CONJUNTO LIGACAO,UN ,CR,"5,22"
25398,CONJUNTO FUTSAL,UN ,AS,"2.122,51"
38169,CONJUNTO FERRAGENS,CJ ,CR,"61,06"
11467,CONJUNTO FECHADURA,UN ,CR,"14,19"
1607,CONJUNTO ARRUELAS,CJ ,CR,"0,19"
38858,CONEXAO MOVEL,UN ,AS,"12,41"
38868,CONEXAO FIXA,UN ,AS,"19,62"
2484,CONECTOR RETO,UN ,CR,"24,31"
11821,CONECTOR METALICO,UN ,CR,"6,76"
39603,CONECTOR MACHO,UN ,AS,"1,98"
39601,CONECTOR FEMEA,UN ,AS,"17,58"
2516,CONECTOR CURVO,UN ,CR,"9,64"
38007,CONECTOR CPVC,UN ,AS,"25,06"
39865,CONECTOR BRONZELATAO,UN ,AS,"17,23"
1602,CONECTOR ALUMINIO,UN ,CR,"33,19"
38998,CONECTOR ADAPTADOR,UN ,AS,"7,99"
34498,CONE SINALIZACAO,UN ,CR,"83,03"
12623,CONDUTOR PLUVIAL,M ,AS,"10,06"
12010,CONDULETE PVC,UN ,CR,"7,35"
2560,CONDULETE ALUMINIO,UN ,CR,"13,09"
34496,CONCRETO USINADO,M3 ,CR,"339,11"
34770,CONCRETO BETUMINOSO,T ,AS,"321,24"
34872,CONCRETO AUTOADENSAVEL,M3 ,CR,"350,47"
34347,CONCERTINA SIMPLES,M ,CR,"10,85"
34348,CONCERTINA CLIPADA,M ,CR,"15,18"
36524,COMPRESSOR AR,UN ,AS,"103.306,91"
13458,COMPACTADOR SOLOS,UN ,AS,"11.158,36"
40701,COMPACTADOR SOLO,UN ,AS,"89.191,06"
1404,COLAR TOMADA,UN ,AS,"16,49"
11849,COLA BRANCA,L ,CR,"11,81"
1339,COLA BASE,KG ,CR,"31,24"
12329,COBRE ELETROLITICO,KG ,CR,"108,41"
36148,CINTURAO SEGURANCA,UN ,CR,"56,35"
420,CINTA CIRCULAR,UN ,AS,"21,13"
1382,CIMENTO PORTLAND,50KG ,CR,"27,22"
1375,CIMENTO IMPERMEABILIZANTE,KG ,CR,"14,04"
1380,CIMENTO BRANCO,KG ,CR,"3,31"
41899,CIMENTO ASFALTICO,T ,AS,"2.988,37"
7608,CHUVEIRO PLASTICO,UN ,CR,"3,09"
1367,CHUVEIRO COMUM,UN ,CR,"209,70"
11976,CHUMBADOR DIAMETRO,UN ,CR,"0,61"
39746,CHUMBADOR ACO,UN ,CR,"132,93"
13370,CHAVE SECCIONADORAFUSIVEL,UN ,AS,"455,39"
14057,CHAVE PARTIDA,UN ,AS,"281,78"
5047,CHAVE FUSIVEL,UN ,AS,"302,85"
20971,CHAVE DUPLA,UN ,CR,"16,19"
12082,CHAVE BLINDADA,UN ,AS,"337,93"
43701,CHAPABOBINA LISA,KG ,C ,"36,51"
34669,CHAPA MDF,M2 ,AS,"21,81"
1360,CHAPA MADEIRA,M2 ,CR,"24,09"
1341,CHAPA LAMINADO,M2 ,CR,"34,69"
39416,CHAPA GESSO,M2 ,AS,"28,56"
40623,CHAPA EMENDA,PAR ,CR,"66,16"
43124,CHAPA ACO,M2 ,AS,"97,26"
41967,CERA LIQUIDA,L ,CR,"7,46"
43090,CENTRO MEDICAO,UN ,CR,"1.839,29"
39013,CENTRALIZADOR BARRA,UN ,AS,"0,91"
4235,CAVOUQUEIRO OPERADOR,H ,CR,"11,47"
10630,CAVALO MECANICO,UN ,CR,"434.736,03"
36496,CAVALETE TALHA,UN ,AS,"8.720,14"
4744,CASCALHO RIO,M3 ,CR,"38,36"
4745,CASCALHO LAVADO,M3 ,CR,"51,39"
4743,CASCALHO CAVA,M3 ,CR,"29,34"
42250,CARVAO ANTRACITO,T ,CR,"1.692,03"
37732,CARROCERIA FIXA,UN ,AS,"21.346,57"
14615,CARRINHO PNEUS,UN ,AS,"3.434,50"
2711,CARRINHO MAO,UN ,C ,"120,00"
5091,CARRANCA JANELA,UN ,CR,"15,08"
1213,CARPINTEIRO FORMAS,H ,C ,"14,15"
40915,CARPINTEIRO ESQUADRIAS,MES ,CR,"2.478,66"
40913,CARPINTEIRO AUXILIAR,MES ,CR,"1.952,82"
39635,CARPETE POLIPROPILENO,M2 ,AS,"80,70"
10708,CARPETE POLIESTER,M2 ,AS,"47,40"
39636,CARPETE NYLON,M2 ,AS,"153,61"
39360,CARENAGEM TAMPA,UN ,AS,"21,52"
10818,CAPIM BRAQUIARIA,KG ,CR,"29,57"
1633,CAPACITOR TRIFASICO,UN ,AS,"207,60"
12895,CAPACETE SEGURANCA,UN ,C ,"11,74"
12894,CAPA CHUVA,UN ,CR,"15,26"
1164,CAP TAMPAO,UN ,AS,"9,33"
1189,CAP PVC,UN ,CR,"1,54"
36346,CAP PPR,UN ,AS,"1,89"
585,CANTONEIRA U,KG ,CR,"34,28"
568,CANTONEIRA FERRO,M ,CR,"48,59"
584,CANTONEIRA ALUMINIO,M ,CR,"36,48"
4777,CANTONEIRA ACO,KG ,AS,"5,09"
40607,CANOPLA ACABAMENTO,UN ,AS,"3,37"
34655,CANALETA ESTRUTURAL,UN ,CR,"2,49"
38596,CANALETA CONCRETO,UN ,CR,"2,31"
38085,CAMPAINHA CIGARRA,UN ,CR,"21,28"
12114,CAMPAINHA ALTA,UN ,CR,"132,57"
1159,CAMINHONETE MOTOR,UN ,C ,"173.590,00"
37758,CAMINHAO TRUCADO,UN ,AS,"346.489,29"
37759,CAMINHAO TOCO,UN ,AS,"295.199,76"
38365,CAMADA SEPARADORA,M2 ,CR,"1,73"
10542,CALHACANALETA CONCRETO,M ,CR,"21,41"
1119,CALHA QUADRADA,M ,CR,"11,75"
12618,CALHA PLUVIAL,UN ,AS,"38,64"
1110,CALHA PLATIBANDA,M ,CR,"21,72"
1108,CALHA MOLDURA,M ,CR,"18,24"
1117,CALHA AGUA,M ,CR,"18,38"
41068,CALCETEIRO MENSALISTA,MES ,CR,"2.563,86"
4759,CALCETEIRO,H ,CR,"14,63"
25963,CALCARIO DOLOMITICO,KG ,CR,"0,08"
4758,CALAFETADOR CALAFATE,H ,CR,"17,22"
1107,CAL VIRGEM,KG ,CR,"0,62"
1106,CAL HIDRATADA,KG ,C ,"0,73"
11714,CAIXA SIFONADA,UN ,CR,"24,33"
39693,CAIXA PROTECAO,UN ,CR,"1.672,18"
43439,CAIXA PREMOLDADA,UN ,CR,"245,88"
43096,CAIXA PASSAGEM,UN ,CR,"130,31"
12001,CAIXA OCTOGONAL,UN ,CR,"4,52"
43095,CAIXA MODULAR,UN ,CR,"85,87"
39809,CAIXA MEDIDOR,UN ,CR,"106,33"
39691,CAIXA MEDICAO,UN ,CR,"2.360,05"
2555,CAIXA LUZ,UN ,CR,"0,96"
1062,CAIXA INTERNAEXTERNA,UN ,CR,"169,57"
41628,CAIXA INSPECAO,UN ,CR,"144,28"
20963,CAIXA INCENDIOABRIGO,UN ,CR,"342,04"
11882,CAIXA HIDROMETRO,UN ,CR,"53,56"
11881,CAIXA GORDURA,UN ,CR,"74,64"
1030,CAIXA DESCARGA,UN ,C ,"27,63"
43094,CAIXA DERIVACAO,UN ,CR,"144,84"
37105,CAIXA DAGUA,UN ,AS,"1.683,69"
43438,CAIXA CONCRETO,UN ,CR,"548,84"
34641,CAIXA ATERRAMENTO,UN ,CR,"48,73"
4513,CAIBRO MADEIRA,M ,CR,"5,58"
38374,CADEIRA SUSPENSA,UN ,CR,"847,57"
5090,CADEADO SIMPLESCOMUM,UN ,C ,"15,45"
5085,CADEADO SIMPLES,UN ,CR,"17,22"
41758,CADEADO ACO,UN ,CR,"134,87"
37733,CACAMBA METALICA,UN ,AS,"35.577,62"
11920,CABO TELEFONICO,M ,CR,"7,87"
39599,CABO PAR,M ,AS,"1,79"
39261,CABO MULTIPOLAR,M ,CR,"22,08"
34620,CABO FLEXIVEL,M ,AS,"16,45"
954,CABO COBRE,M ,AS,"39,74"
25005,CABO ALUMINIO,KG ,CR,"36,83"
41953,CABO ACO,KG ,CR,"46,31"
37399,CABIDEGANCHO BANHEIRO,UN ,CR,"18,34"
1102,CABECOTE ENTRADA,UN ,CR,"34,65"
12616,CABECEIRA DIREITA,UN ,AS,"4,81"
787,BUCHA REDUCAO,UN ,AS,"26,84"
11950,BUCHA NYLON,UN ,CR,"0,20"
39179,BUCHA ALUMINIO,UN ,CR,"3,95"
2512,BRACO P,UN ,AS,"22,33"
11680,BRACO HASTE,UN ,CR,"3,60"
11685,BRACO CANO,UN ,CR,"22,64"
12893,BOTA SEGURANCA,PAR ,CR,"56,35"
36145,BOTA PVC,PAR ,CR,"33,81"
38167,BORBOLETA ZAMAC,PAR ,CR,"16,74"
5081,BORBOLETA LATAO,PAR ,CR,"19,42"
39917,BOMBA TRIPLEX,UN ,AS,"63.927,79"
10589,BOMBA SUBMERSIVEL,UN ,AS,"4.833,68"
761,BOMBA SUBMERSA,UN ,AS,"6.993,29"
39009,BOMBA PROJECAO,UN ,AS,"44.588,21"
731,BOMBA CENTRIFUGA,UN ,CR,"598,06"
38399,BOLSA LONA,UN ,CR,"148,28"
6140,BOLSA LIGACAO,UN ,CR,"2,40"
12614,BOCAL PVC,UN ,AS,"16,20"
712,BLOQUETEPISO INTERTRAVADO,M2 ,CR,"40,17"
40515,BLOQUETEPISO CONCRETO,M2 ,CR,"75,46"
718,BLOCO VIDROELEMENTO,UN ,CR,"23,82"
715,BLOCO VIDRO,UN ,C ,"15,99"
41372,BLOCO VEDACAO,M2 ,AS,"68,27"
709,BLOCO POLIETILENO,M2 ,AS,"541,31"
34584,BLOCO GESSO,M2 ,AS,"36,33"
38603,BLOCO ESTRUTURAL,UN ,CR,"1,93"
38395,BLOCO ESPUMA,UN ,CR,"4,95"
34573,BLOCO CONCRETO,UN ,CR,"2,19"
7266,BLOCO CERAMICO,MIL ,C ,"570,00"
40920,BLASTER DINAMITADOR,MES ,CR,"2.252,26"
36396,BETONEIRA CAPACIDADE,UN ,AS,"3.905,84"
39837,BATENTEPORTALADUELAMARCO,JG ,AS,"212,22"
181,BATENTE PORTALADUELA,JG ,CR,"120,47"
195,BATENTE PORTAL,JG ,CR,"89,36"
37597,BATEESTACAS POR,UN ,AS,"332.215,39"
13374,BASE UNIPOLAR,UN ,AS,"89,96"
39380,BASE RELE,UN ,AS,"11,61"
38127,BASE MISTURADOR,UN ,CR,"340,12"
10956,BASE MASTRO,UN ,CR,"76,35"
549,BARRA FERRO,M ,CR,"30,81"
36204,BARRA APOIO,UN ,CR,"88,58"
39623,BARRA ANTIPANICO,UN ,CR,"616,42"
38381,BANDEJA PINTURA,UN ,CR,"5,93"
42439,BANCO ENCOSTO,UN ,AS,"672,26"
36215,BANCO ARTICULADO,UN ,CR,"454,26"
11693,BANCADATAMPO LISO,M2 ,CR,"107,44"
11689,BANCADATAMPO ACO,M ,CR,"867,02"
1746,BANCADABANCAPIA ACO,UN ,C ,"159,89"
541,BANCADA MARMORE,UN ,C ,"96,90"
11692,BANCADA BANCA,M2 ,CR,"396,93"
4815,BALDE VERMELHO,UN ,CR,"4,93"
10,BALDE PLASTICO,UN ,CR,"4,95"
36520,BACIA SANITARIA,UN ,CR,"557,50"
4760,AZULEJISTA LADRILHEIRO,H ,CR,"18,13"
36150,AVENTAL SEGURANCA,UN ,CR,"34,86"
244,AUXILIAR TOPOGRAFO,H ,CR,"11,69"
40931,AUXILIAR TECNICO,MES ,CR,"3.669,42"
6121,AUXILIAR SERVICOS,H ,CR,"11,04"
41072,AUXILIAR PEDREIRO,MES ,CR,"1.762,89"
251,AUXILIAR MECANICO,H ,CR,"10,43"
41090,AUXILIAR LABORATORISTA,MES ,CR,"3.060,04"
40812,AUXILIAR ESCRITORIO,MES ,CR,"2.503,76"
40927,AUXILIAR ENCANADOR,MES ,CR,"2.218,80"
41078,AUXILIAR AZULEJISTA,MES ,CR,"1.806,82"
40908,AUXILIAR ALMOXARIFE,MES ,CR,"2.334,21"
7588,AUTOMATICO BOIA,UN ,C ,"31,82"
11761,ASSENTO VASO,UN ,CR,"55,33"
377,ASSENTO SANITARIO,UN ,C ,"26,00"
40930,ASSENTADOR MANILHAS,MES ,CR,"2.295,92"
509,ASFALTO MODIFICADO,KG ,AS,"9,35"
41901,ASFALTO DILUIDO,KG ,AS,"4,97"
379,ARRUELA QUADRADA,UN ,AS,"0,74"
11267,ARRUELA LISA,UN ,AS,"0,73"
39209,ARRUELA ALUMINIO,UN ,CR,"0,47"
13348,ARRUELA ACO,UN ,AS,"0,84"
33953,ARQUITETO SENIOR,H ,CR,"120,78"
40816,ARQUITETO PLENO,MES ,CR,"15.998,71"
40935,ARQUITETO PAISAGISTA,MES ,CR,"10.635,37"
40815,ARQUITETO JUNIOR,MES ,CR,"11.263,38"
40911,ARMADOR MENSALISTA,MES ,CR,"2.478,66"
378,ARMADOR,H ,CR,"14,15"
1094,ARMACAO VERTICAL,UN ,AS,"14,17"
34549,ARGILA EXPANDIDA,M3 ,CR,"207,00"
6077,ARGILA BARRO,M3 ,CR,"16,90"
6079,ARGILA ARGILA,M3 ,CR,"9,66"
38546,ARGAMASSA USINADA,M3 ,CR,"323,42"
36880,ARGAMASSA REVESTIMENTO,KG ,CR,"1,83"
36886,ARGAMASSA PRONTA,KG ,CR,"0,57"
130,ARGAMASSA POLIMERICA,KG ,CR,"3,40"
34355,ARGAMASSA PISO,KG ,CR,"1,58"
37552,ARGAMASSA INDUSTRIALIZADA,KG ,CR,"1,80"
34353,ARGAMASSA COLANTE,KG ,CR,"1,02"
11076,AREIA PRETA,M3 ,CR,"87,50"
370,AREIA MEDIA,M3 ,C ,"71,19"
11075,AREIA LEITO,M3 ,CR,"1.146,25"
367,AREIA GROSSA,M3 ,C ,"70,00"
366,AREIA FINA,M3 ,C ,"65,00"
368,AREIA ATERRO,M3 ,CR,"52,50"
369,AREIA AMARELA,M3 ,CR,"69,00"
39826,ARCONDICIONADO SPLIT,UN ,AS,"4.106,11"
39578,ARCONDICIONADO FRIO,UN ,AS,"22.978,83"
43132,ARAME RECOZIDO,KG ,CR,"14,50"
3313,ARAME PROTEGIDO,KG ,AS,"27,18"
345,ARAME GALVANIZADO,KG ,CR,"20,68"
339,ARAME FARPADO,M ,CR,"0,88"
3312,ARAME AMARRACAO,KG ,AS,"21,12"
346,ARAME ACO,KG ,CR,"17,17"
10700,ARADO REVERSIVEL,UN ,AS,"12.453,59"
43191,AR CONDICIONADO,UN ,AS,"2.031,19"
34482,AQUECEDOR SOLAR,UN ,AS,"5.568,10"
26038,AQUECEDOR OLEO,UN ,AS,"202.992,51"
11811,AQUECEDOR AGUA,UN ,AS,"3.618,64"
40810,APONTADOR APROPRIADOR,MES ,CR,"2.899,26"
25967,APOIO DO,UN ,AS,"1.816,26"
4814,APARELHO SINALIZADOR,UN ,CR,"110,00"
13761,APARELHO CORTE,UN ,AS,"2.654,43"
12888,APARELHO APOIO,DM3 ,AS,"96,72"
40345,ANEL VEDACAOJUNTA,UN ,CR,"134,56"
20976,ANEL EXPANSAO,UN ,CR,"17,64"
11789,ANEL DISTRIBUICAO,UN ,AS,"0,67"
38840,ANEL DESLIZANTE,UN ,AS,"2,09"
43442,ANEL CONCRETO,UN ,CR,"105,37"
328,ANEL BORRACHA,UN ,CR,"5,46"
583,ALUMINIO ANODIZADO,KG ,CR,"42,23"
42428,ALONGADOR TRES,UN ,AS,"1.264,00"
40809,ALMOXARIFE MENSALISTA,MES ,CR,"3.046,29"
253,ALMOXARIFE,H ,C ,"17,39"
10658,ALISADORA CONCRETO,UN ,AS,"6.945,00"
40862,ALIMENTACAO MENSALISTA,MES ,C ,"275,77"
37370,ALIMENTACAO HORISTA,H ,C ,"1,46"
38469,ALICATE PRESSAO,UN ,CR,"75,55"
38547,ALICATE CRIMPAR,UN ,CR,"70,26"
38470,ALICATE CORTE,UN ,C ,"25,75"
38471,ALICATE ANEIS,UN ,CR,"60,75"
11274,ALCA PREFORMADA,UN ,AS,"1,37"
40909,AJUDANTE SERRALHEIRO,MES ,CR,"1.854,57"
41083,AJUDANTE PINTOR,MES ,CR,"1.789,16"
41086,AJUDANTE OPERACAO,MES ,CR,"1.789,16"
25958,AJUDANTE ESTRUTURAS,H ,CR,"10,37"
242,AJUDANTE ESPECIALIZADO,H ,CR,"13,31"
40919,AJUDANTE ELETRICISTA,MES ,CR,"2.201,46"
40912,AJUDANTE ARMADOR,MES ,CR,"1.729,04"
13003,AGUA SANITARIA,L ,CR,"2,53"
40553,AGREGADO RECICLADO,M3 ,AS,"35,75"
42409,AGENTE CURA,KG ,CR,"9,71"
4319,AFASTADOR TELHA,UN ,CR,"1,28"
41635,ADUELAGALERIA CONCRETO,UN ,CR,"2.504,92"
37479,ADUELA GALERIA,UN ,CR,"3.499,43"
43618,ADITIVO SUPERPLASTIFICANTE,KG ,CR,"15,42"
132,ADITIVO PLASTIFICANTE,L ,CR,"6,12"
133,ADITIVO LIQUIDO,L ,CR,"5,91"
127,ADITIVO IMPERMEABILIZANTE,L ,CR,"14,23"
7334,ADITIVO ADESIVO,L ,CR,"11,66"
124,ADITIVO ACELERADOR,L ,CR,"14,57"
3410,ADESIVOCOLA EPS,KG ,AS,"19,72"
21114,ADESIVO TUBOS,UN ,CR,"11,10"
122,ADESIVO PLASTICO,UN ,CR,"39,56"
39719,ADESIVO LIQUIDO,L ,CR,"51,81"
131,ADESIVO ESTRUTURAL,KG ,CR,"37,77"
4791,ADESIVO ACRILICOCOLA,KG ,CR,"17,19"
50,ADAPTADOR PVC,UN ,AS,"54,78"
10900,ADAPTADOR LATAO,UN ,CR,"58,28"
37998,ADAPTADOR CPVC,UN ,AS,"4,60"
62,ADAPTADOR COMPRESSAO,UN ,AS,"7,45"
38839,ADAPTADOR COBRE,UN ,AS,"8,80"
40411,ACOPLAMENTO RIGIDO,UN ,AS,"20,42"
20063,ACOPLAMENTO CONDUTOR,UN ,AS,"3,46"
42402,ACO CA,KG ,CR,"6,30"
3,ACIDO MURIATICO,L ,CR,"5,13"
1,ACETILENO RECARGA,KG ,AS,"44,73"
37600,ACESSORIO LIGACAO,UN ,AS,"76,91"
37599,ACESSORIO INICIADOR,UN ,AS,"71,59"
36246,ACABAMENTO SIMPLESCONVENCIONAL,M ,CR,"3,11"
36801,ACABAMENTO CROMADO,UN ,CR,"19,41"
12615,ABRACADEIRA PVC,UN ,AS,"3,48"
412,ABRACADEIRA NYLON,UN ,CR,"1,02"
11270,ABRACADEIRA LATAO,UN ,CR,"1,32"
11929,ABRACADEIRA GALVANIZADAZINCADA,UN ,CR,"6,98"
392,ABRACADEIRA ACO,UN ,CR,"1,00"
38605,ABERTURA ENCAIXE,UN ,CR,"117,28"
